t,LED1,LED2,LED3,LED4,LED5,LED6,LED7,LED8
0.00,0.0,0.0,0.0,0.0,0.0,50.0,100.0,50.0
0.05,3.1,0.0,0.0,0.0,0.0,46.9,96.9,53.1
0.10,6.2,0.0,0.0,0.0,0.0,43.7,93.8,56.2
0.15,9.4,0.0,0.0,0.0,0.0,40.6,90.6,59.4
0.20,12.5,0.0,0.0,0.0,0.0,37.5,87.5,62.5
0.25,15.6,0.0,0.0,0.0,0.0,34.4,84.4,65.6
0.30,18.8,0.0,0.0,0.0,0.0,31.2,81.3,68.7
0.35,21.9,0.0,0.0,0.0,0.0,28.1,78.1,71.9
0.40,25.0,0.0,0.0,0.0,0.0,25.0,75.0,75.0
0.45,28.1,0.0,0.0,0.0,0.0,21.9,71.9,78.1
0.50,31.2,0.0,0.0,0.0,0.0,18.7,68.8,81.2
0.55,34.4,0.0,0.0,0.0,0.0,15.6,65.6,84.4
0.60,37.5,0.0,0.0,0.0,0.0,12.5,62.5,87.5
0.65,40.6,0.0,0.0,0.0,0.0,9.4,59.4,90.6
0.70,43.8,0.0,0.0,0.0,0.0,6.2,56.3,93.8
0.75,46.9,0.0,0.0,0.0,0.0,3.1,53.1,96.9
0.80,50.0,0.0,0.0,0.0,0.0,0.0,50.0,100.0
0.85,53.1,3.1,0.0,0.0,0.0,0.0,46.9,96.9
0.90,56.2,6.2,0.0,0.0,0.0,0.0,43.8,93.8
0.95,59.4,9.4,0.0,0.0,0.0,0.0,40.6,90.6
1.00,62.5,12.5,0.0,0.0,0.0,0.0,37.5,87.5
1.05,65.6,15.6,0.0,0.0,0.0,0.0,34.4,84.4
1.10,68.8,18.8,0.0,0.0,0.0,0.0,31.3,81.2
1.15,71.9,21.9,0.0,0.0,0.0,0.0,28.1,78.1
1.20,75.0,25.0,0.0,0.0,0.0,0.0,25.0,75.0
1.25,78.1,28.1,0.0,0.0,0.0,0.0,21.9,71.9
1.30,81.2,31.2,0.0,0.0,0.0,0.0,18.8,68.8
1.35,84.4,34.4,0.0,0.0,0.0,0.0,15.6,65.6
1.40,87.5,37.5,0.0,0.0,0.0,0.0,12.5,62.5
1.45,90.6,40.6,0.0,0.0,0.0,0.0,9.4,59.4
1.50,93.8,43.8,0.0,0.0,0.0,0.0,6.3,56.3
1.55,96.9,46.9,0.0,0.0,0.0,0.0,3.1,53.1
1.60,100.0,50.0,0.0,0.0,0.0,0.0,0.0,50.0
1.65,96.9,53.1,3.1,0.0,0.0,0.0,0.0,46.9
1.70,93.8,56.3,6.3,0.0,0.0,0.0,0.0,43.8
1.75,90.6,59.4,9.4,0.0,0.0,0.0,0.0,40.6
1.80,87.5,62.5,12.5,0.0,0.0,0.0,0.0,37.5
1.85,84.4,65.6,15.6,0.0,0.0,0.0,0.0,34.4
1.90,81.2,68.8,18.8,0.0,0.0,0.0,0.0,31.2
1.95,78.1,71.9,21.9,0.0,0.0,0.0,0.0,28.1
2.00,75.0,75.0,25.0,0.0,0.0,0.0,0.0,25.0
2.05,71.9,78.1,28.1,0.0,0.0,0.0,0.0,21.9
2.10,68.8,81.2,31.2,0.0,0.0,0.0,0.0,18.8
2.15,65.6,84.4,34.4,0.0,0.0,0.0,0.0,15.6
2.20,62.5,87.5,37.5,0.0,0.0,0.0,0.0,12.5
2.25,59.4,90.6,40.6,0.0,0.0,0.0,0.0,9.4
2.30,56.2,93.8,43.8,0.0,0.0,0.0,0.0,6.3
2.35,53.1,96.9,46.9,0.0,0.0,0.0,0.0,3.1
2.40,50.0,100.0,50.0,0.0,0.0,0.0,0.0,0.0
2.45,46.9,96.9,53.1,3.1,0.0,0.0,0.0,0.0
2.50,43.8,93.8,56.2,6.2,0.0,0.0,0.0,0.0
2.55,40.6,90.6,59.4,9.4,0.0,0.0,0.0,0.0
2.60,37.5,87.5,62.5,12.5,0.0,0.0,0.0,0.0
2.65,34.4,84.4,65.6,15.6,0.0,0.0,0.0,0.0
2.70,31.2,81.2,68.8,18.7,0.0,0.0,0.0,0.0
2.75,28.1,78.1,71.9,21.9,0.0,0.0,0.0,0.0
2.80,25.0,75.0,75.0,25.0,0.0,0.0,0.0,0.0
2.85,21.9,71.9,78.1,28.1,0.0,0.0,0.0,0.0
2.90,18.7,68.7,81.3,31.2,0.0,0.0,0.0,0.0
2.95,15.6,65.6,84.4,34.4,0.0,0.0,0.0,0.0
3.00,12.5,62.5,87.5,37.5,0.0,0.0,0.0,0.0
3.05,9.4,59.4,90.6,40.6,0.0,0.0,0.0,0.0
3.10,6.3,56.3,93.8,43.7,0.0,0.0,0.0,0.0
3.15,3.1,53.1,96.9,46.9,0.0,0.0,0.0,0.0
3.20,0.0,50.0,100.0,50.0,0.0,0.0,0.0,0.0
3.25,0.0,46.9,96.9,53.1,3.1,0.0,0.0,0.0
3.30,0.0,43.8,93.8,56.2,6.3,0.0,0.0,0.0
3.35,0.0,40.6,90.6,59.4,9.4,0.0,0.0,0.0
3.40,0.0,37.5,87.5,62.5,12.5,0.0,0.0,0.0
3.45,0.0,34.4,84.4,65.6,15.6,0.0,0.0,0.0
3.50,0.0,31.2,81.3,68.7,18.7,0.0,0.0,0.0
3.55,0.0,28.1,78.1,71.9,21.9,0.0,0.0,0.0
3.60,0.0,25.0,75.0,75.0,25.0,0.0,0.0,0.0
3.65,0.0,21.9,71.9,78.1,28.1,0.0,0.0,0.0
3.70,0.0,18.7,68.8,81.2,31.2,0.0,0.0,0.0
3.75,0.0,15.6,65.6,84.4,34.4,0.0,0.0,0.0
3.80,0.0,12.5,62.5,87.5,37.5,0.0,0.0,0.0
3.85,0.0,9.4,59.4,90.6,40.6,0.0,0.0,0.0
3.90,0.0,6.2,56.2,93.8,43.8,0.0,0.0,0.0
3.95,0.0,3.1,53.1,96.9,46.9,0.0,0.0,0.0
4.00,0.0,0.0,50.0,100.0,50.0,0.0,0.0,0.0
4.05,0.0,0.0,46.9,96.9,53.1,3.1,0.0,0.0
4.10,0.0,0.0,43.7,93.8,56.3,6.3,0.0,0.0
4.15,0.0,0.0,40.6,90.6,59.4,9.4,0.0,0.0
4.20,0.0,0.0,37.5,87.5,62.5,12.5,0.0,0.0
4.25,0.0,0.0,34.4,84.4,65.6,15.6,0.0,0.0
4.30,0.0,0.0,31.3,81.3,68.7,18.7,0.0,0.0
4.35,0.0,0.0,28.1,78.1,71.9,21.9,0.0,0.0
4.40,0.0,0.0,25.0,75.0,75.0,25.0,0.0,0.0
4.45,0.0,0.0,21.9,71.9,78.1,28.1,0.0,0.0
4.50,0.0,0.0,18.8,68.8,81.2,31.2,0.0,0.0
4.55,0.0,0.0,15.6,65.6,84.4,34.4,0.0,0.0
4.60,0.0,0.0,12.5,62.5,87.5,37.5,0.0,0.0
4.65,0.0,0.0,9.4,59.4,90.6,40.6,0.0,0.0
4.70,0.0,0.0,6.3,56.3,93.8,43.8,0.0,0.0
4.75,0.0,0.0,3.1,53.1,96.9,46.9,0.0,0.0
4.80,0.0,0.0,0.0,50.0,100.0,50.0,0.0,0.0
4.85,0.0,0.0,0.0,46.9,96.9,53.1,3.1,0.0
4.90,0.0,0.0,0.0,43.8,93.8,56.3,6.2,0.0
4.95,0.0,0.0,0.0,40.6,90.6,59.4,9.4,0.0
5.00,0.0,0.0,0.0,37.5,87.5,62.5,12.5,0.0
5.05,0.0,0.0,0.0,34.4,84.4,65.6,15.6,0.0
5.10,0.0,0.0,0.0,31.2,81.2,68.8,18.7,0.0
5.15,0.0,0.0,0.0,28.1,78.1,71.9,21.9,0.0
5.20,0.0,0.0,0.0,25.0,75.0,75.0,25.0,0.0
5.25,0.0,0.0,0.0,21.9,71.9,78.1,28.1,0.0
5.30,0.0,0.0,0.0,18.7,68.7,81.3,31.2,0.0
5.35,0.0,0.0,0.0,15.6,65.6,84.4,34.4,0.0
5.40,0.0,0.0,0.0,12.5,62.5,87.5,37.5,0.0
5.45,0.0,0.0,0.0,9.4,59.4,90.6,40.6,0.0
5.50,0.0,0.0,0.0,6.3,56.3,93.8,43.7,0.0
5.55,0.0,0.0,0.0,3.1,53.1,96.9,46.9,0.0
5.60,0.0,0.0,0.0,0.0,50.0,100.0,50.0,0.0
5.65,0.0,0.0,0.0,0.0,46.9,96.9,53.1,3.1
5.70,0.0,0.0,0.0,0.0,43.8,93.8,56.2,6.2
5.75,0.0,0.0,0.0,0.0,40.6,90.6,59.4,9.4
5.80,0.0,0.0,0.0,0.0,37.5,87.5,62.5,12.5
5.85,0.0,0.0,0.0,0.0,34.4,84.4,65.6,15.6
5.90,0.0,0.0,0.0,0.0,31.2,81.2,68.7,18.7
5.95,0.0,0.0,0.0,0.0,28.1,78.1,71.9,21.9
6.00,0.0,0.0,0.0,0.0,25.0,75.0,75.0,25.0
6.05,0.0,0.0,0.0,0.0,21.9,71.9,78.1,28.1
6.10,0.0,0.0,0.0,0.0,18.7,68.7,81.2,31.2
6.15,0.0,0.0,0.0,0.0,15.6,65.6,84.4,34.4
6.20,0.0,0.0,0.0,0.0,12.5,62.5,87.5,37.5
6.25,0.0,0.0,0.0,0.0,9.4,59.4,90.6,40.6
6.30,0.0,0.0,0.0,0.0,6.2,56.2,93.8,43.8
6.35,0.0,0.0,0.0,0.0,3.1,53.1,96.9,46.9
6.40,0.0,0.0,0.0,0.0,0.0,50.0,100.0,50.0
6.45,3.1,0.0,0.0,0.0,0.0,46.9,96.9,53.1
6.50,6.2,0.0,0.0,0.0,0.0,43.8,93.8,56.2
6.55,9.4,0.0,0.0,0.0,0.0,40.6,90.6,59.4
6.60,12.5,0.0,0.0,0.0,0.0,37.5,87.5,62.5
6.65,15.6,0.0,0.0,0.0,0.0,34.4,84.4,65.6
6.70,18.7,0.0,0.0,0.0,0.0,31.2,81.3,68.7
6.75,21.9,0.0,0.0,0.0,0.0,28.1,78.1,71.9
6.80,25.0,0.0,0.0,0.0,0.0,25.0,75.0,75.0
6.85,28.1,0.0,0.0,0.0,0.0,21.9,71.9,78.1
6.90,31.2,0.0,0.0,0.0,0.0,18.7,68.8,81.2
6.95,34.4,0.0,0.0,0.0,0.0,15.6,65.6,84.4
7.00,37.5,0.0,0.0,0.0,0.0,12.5,62.5,87.5
7.05,40.6,0.0,0.0,0.0,0.0,9.4,59.4,90.6
7.10,43.8,0.0,0.0,0.0,0.0,6.2,56.3,93.8
7.15,46.9,0.0,0.0,0.0,0.0,3.1,53.1,96.9
7.20,50.0,0.0,0.0,0.0,0.0,0.0,50.0,100.0
7.25,53.1,3.1,0.0,0.0,0.0,0.0,46.9,96.9
7.30,56.3,6.3,0.0,0.0,0.0,0.0,43.8,93.8
7.35,59.4,9.4,0.0,0.0,0.0,0.0,40.6,90.6
7.40,62.5,12.5,0.0,0.0,0.0,0.0,37.5,87.5
7.45,65.6,15.6,0.0,0.0,0.0,0.0,34.4,84.4
7.50,68.7,18.7,0.0,0.0,0.0,0.0,31.3,81.3
7.55,71.9,21.9,0.0,0.0,0.0,0.0,28.1,78.1
7.60,75.0,25.0,0.0,0.0,0.0,0.0,25.0,75.0
7.65,78.1,28.1,0.0,0.0,0.0,0.0,21.9,71.9
7.70,81.2,31.2,0.0,0.0,0.0,0.0,18.8,68.8
7.75,84.4,34.4,0.0,0.0,0.0,0.0,15.6,65.6
7.80,87.5,37.5,0.0,0.0,0.0,0.0,12.5,62.5
7.85,90.6,40.6,0.0,0.0,0.0,0.0,9.4,59.4
7.90,93.8,43.8,0.0,0.0,0.0,0.0,6.3,56.3
7.95,96.9,46.9,0.0,0.0,0.0,0.0,3.1,53.1
8.00,100.0,50.0,0.0,0.0,0.0,0.0,0.0,50.0
8.05,96.9,53.1,3.1,0.0,0.0,0.0,0.0,46.9
8.10,93.8,56.2,6.2,0.0,0.0,0.0,0.0,43.8
8.15,90.6,59.4,9.4,0.0,0.0,0.0,0.0,40.6
8.20,87.5,62.5,12.5,0.0,0.0,0.0,0.0,37.5
8.25,84.4,65.6,15.6,0.0,0.0,0.0,0.0,34.4
8.30,81.2,68.8,18.8,0.0,0.0,0.0,0.0,31.2
8.35,78.1,71.9,21.9,0.0,0.0,0.0,0.0,28.1
8.40,75.0,75.0,25.0,0.0,0.0,0.0,0.0,25.0
8.45,71.9,78.1,28.1,0.0,0.0,0.0,0.0,21.9
8.50,68.8,81.2,31.2,0.0,0.0,0.0,0.0,18.8
8.55,65.6,84.4,34.4,0.0,0.0,0.0,0.0,15.6
8.60,62.5,87.5,37.5,0.0,0.0,0.0,0.0,12.5
8.65,59.4,90.6,40.6,0.0,0.0,0.0,0.0,9.4
8.70,56.2,93.8,43.8,0.0,0.0,0.0,0.0,6.2
8.75,53.1,96.9,46.9,0.0,0.0,0.0,0.0,3.1
8.80,50.0,100.0,50.0,0.0,0.0,0.0,0.0,0.0
8.85,46.9,96.9,53.1,3.1,0.0,0.0,0.0,0.0
8.90,43.8,93.8,56.3,6.2,0.0,0.0,0.0,0.0
8.95,40.6,90.6,59.4,9.4,0.0,0.0,0.0,0.0
9.00,37.5,87.5,62.5,12.5,0.0,0.0,0.0,0.0
9.05,34.4,84.4,65.6,15.6,0.0,0.0,0.0,0.0
9.10,31.3,81.3,68.7,18.7,0.0,0.0,0.0,0.0
9.15,28.1,78.1,71.9,21.9,0.0,0.0,0.0,0.0
9.20,25.0,75.0,75.0,25.0,0.0,0.0,0.0,0.0
9.25,21.9,71.9,78.1,28.1,0.0,0.0,0.0,0.0
9.30,18.7,68.8,81.3,31.2,0.0,0.0,0.0,0.0
9.35,15.6,65.6,84.4,34.4,0.0,0.0,0.0,0.0
9.40,12.5,62.5,87.5,37.5,0.0,0.0,0.0,0.0
9.45,9.4,59.4,90.6,40.6,0.0,0.0,0.0,0.0
9.50,6.3,56.3,93.8,43.7,0.0,0.0,0.0,0.0
9.55,3.1,53.1,96.9,46.9,0.0,0.0,0.0,0.0
9.60,0.0,50.0,100.0,50.0,0.0,0.0,0.0,0.0
